{
  "byState": {
    "AL": [
      "birmingham",
      "huntsville",
      "mobile",
      "montgomery",
      "tuscaloosa",
      "auburn"
    ],
    "AK": [
      "anchorage",
      "fairbanks",
      "juneau",
      "badger",
      "knik-fairview",
      "college"
    ],
    "AZ": [
      "phoenix",
      "tucson",
      "mesa",
      "chandler",
      "gilbert",
      "glendale"
    ],
    "AR": [
      "little-rock",
      "fayetteville",
      "fort-smith",
      "springdale",
      "jonesboro",
      "rogers"
    ],
    "CA": [
      "los-angeles",
      "san-francisco",
      "san-diego",
      "riverside",
      "sacramento",
      "san-jose"
    ],
    "CO": [
      "denver",
      "colorado-springs",
      "aurora",
      "fort-collins",
      "lakewood",
      "greeley"
    ],
    "CT": [
      "hartford",
      "bridgeport",
      "new-haven",
      "waterbury",
      "danbury",
      "norwich"
    ],
    "DE": [
      "dover",
      "wilmington",
      "newark",
      "middletown",
      "bear",
      "glasgow"
    ],
    "FL": [
      "miami",
      "tampa",
      "orlando",
      "jacksonville",
      "cape-coral",
      "palm-bay"
    ],
    "GA": [
      "atlanta",
      "augusta",
      "savannah",
      "columbus",
      "gainesville",
      "macon"
    ],
    "HI": [
      "honolulu",
      "kailua",
      "east-honolulu",
      "hilo",
      "pearl-city",
      "waipahu"
    ],
    "ID": [
      "boise",
      "nampa",
      "coeur-d'alene",
      "meridian",
      "idaho-falls",
      "pocatello"
    ],
    "IL": [
      "chicago",
      "rockford",
      "peoria",
      "round-lake-beach",
      "aurora",
      "springfield"
    ],
    "IN": [
      "indianapolis",
      "fort-wayne",
      "south-bend",
      "evansville",
      "lafayette",
      "elkhart"
    ],
    "IA": [
      "des-moines",
      "davenport",
      "cedar-rapids",
      "iowa-city",
      "waterloo",
      "sioux-city"
    ],
    "KS": [
      "wichita",
      "overland-park",
      "kansas-city",
      "topeka",
      "olathe",
      "lawrence"
    ],
    "KY": [
      "louisville",
      "lexington",
      "bowling-green",
      "owensboro",
      "elizabethtown",
      "covington"
    ],
    "LA": [
      "new-orleans",
      "baton-rouge",
      "shreveport",
      "lafayette",
      "houma",
      "lake-charles"
    ],
    "ME": [
      "portland",
      "lewiston",
      "bangor",
      "south-portland",
      "auburn",
      "biddeford"
    ],
    "MD": [
      "baltimore",
      "hagerstown",
      "frederick",
      "waldorf",
      "columbia",
      "germantown"
    ],
    "MA": [
      "boston",
      "worcester",
      "springfield",
      "new-bedford",
      "cambridge",
      "lowell"
    ],
    "MI": [
      "detroit",
      "grand-rapids",
      "lansing",
      "ann-arbor",
      "flint",
      "kalamazoo"
    ],
    "MN": [
      "minneapolis",
      "st.-paul",
      "rochester",
      "duluth",
      "st.-cloud",
      "bloomington"
    ],
    "MS": [
      "jackson",
      "gulfport",
      "hattiesburg",
      "southaven",
      "biloxi",
      "olive-branch"
    ],
    "MO": [
      "st.-louis",
      "kansas-city",
      "springfield",
      "columbia",
      "independence",
      "lee's-summit"
    ],
    "MT": [
      "billings",
      "missoula",
      "great-falls",
      "bozeman",
      "butte",
      "helena"
    ],
    "NE": [
      "omaha",
      "lincoln",
      "bellevue",
      "grand-island",
      "kearney",
      "fremont"
    ],
    "NV": [
      "las-vegas",
      "reno",
      "henderson",
      "north-las-vegas",
      "enterprise",
      "spring-valley"
    ],
    "NH": [
      "nashua",
      "manchester",
      "portsmouth",
      "dover",
      "concord",
      "rochester"
    ],
    "NJ": [
      "trenton",
      "newark",
      "jersey-city",
      "paterson",
      "elizabeth",
      "vineland"
    ],
    "NM": [
      "albuquerque",
      "las-cruces",
      "rio-rancho",
      "santa-fe",
      "roswell",
      "farmington"
    ],
    "NY": [
      "new-york",
      "brooklyn",
      "queens",
      "manhattan",
      "bronx",
      "buffalo"
    ],
    "NC": [
      "charlotte",
      "raleigh",
      "winston-salem",
      "durham",
      "greensboro",
      "fayetteville"
    ],
    "ND": [
      "fargo",
      "bismarck",
      "grand-forks",
      "minot",
      "west-fargo",
      "williston"
    ],
    "OH": [
      "cincinnati",
      "cleveland",
      "columbus",
      "dayton",
      "akron",
      "toledo"
    ],
    "OK": [
      "oklahoma-city",
      "tulsa",
      "norman",
      "broken-arrow",
      "edmond",
      "lawton"
    ],
    "OR": [
      "portland",
      "eugene",
      "salem",
      "medford",
      "bend",
      "gresham"
    ],
    "PA": [
      "philadelphia",
      "pittsburgh",
      "allentown",
      "harrisburg",
      "lancaster",
      "scranton"
    ],
    "RI": [
      "providence",
      "warwick",
      "cranston",
      "pawtucket",
      "east-providence",
      "woonsocket"
    ],
    "SC": [
      "charleston",
      "columbia",
      "greenville",
      "myrtle-beach",
      "rock-hill",
      "spartanburg"
    ],
    "SD": [
      "sioux-falls",
      "rapid-city",
      "aberdeen",
      "brookings",
      "watertown",
      "mitchell"
    ],
    "TN": [
      "nashville",
      "memphis",
      "knoxville",
      "chattanooga",
      "clarksville",
      "murfreesboro"
    ],
    "TX": [
      "houston",
      "dallas",
      "san-antonio",
      "austin",
      "fort-worth",
      "el-paso"
    ],
    "UT": [
      "salt-lake-city",
      "provo",
      "ogden",
      "st.-george",
      "west-valley-city",
      "logan"
    ],
    "VT": [
      "burlington",
      "south-burlington",
      "rutland",
      "essex-junction",
      "barre",
      "winooski"
    ],
    "VA": [
      "virginia-beach",
      "richmond",
      "chesapeake",
      "arlington",
      "norfolk",
      "roanoke"
    ],
    "WA": [
      "seattle",
      "spokane",
      "kennewick",
      "bremerton",
      "tacoma",
      "olympia"
    ],
    "WV": [
      "huntington",
      "charleston",
      "morgantown",
      "parkersburg",
      "wheeling",
      "martinsburg"
    ],
    "WI": [
      "milwaukee",
      "madison",
      "appleton",
      "green-bay",
      "racine",
      "kenosha"
    ],
    "WY": [
      "cheyenne",
      "casper",
      "gillette",
      "laramie",
      "rock-springs",
      "sheridan"
    ]
  },
  "available": [
    "aberdeen",
    "akron",
    "albuquerque",
    "allentown",
    "anchorage",
    "ann-arbor",
    "appleton",
    "arlington",
    "atlanta",
    "auburn",
    "augusta",
    "aurora",
    "austin",
    "badger",
    "baltimore",
    "bangor",
    "barre",
    "baton-rouge",
    "bear",
    "bellevue",
    "bend",
    "biddeford",
    "billings",
    "biloxi",
    "birmingham",
    "bismarck",
    "bloomington",
    "boise",
    "boston",
    "bowling-green",
    "bozeman",
    "bremerton",
    "bridgeport",
    "broken-arrow",
    "bronx",
    "brookings",
    "brooklyn",
    "buffalo",
    "burlington",
    "butte",
    "cambridge",
    "cape-coral",
    "casper",
    "cedar-rapids",
    "chandler",
    "charleston",
    "charlotte",
    "chattanooga",
    "chesapeake",
    "cheyenne",
    "chicago",
    "cincinnati",
    "clarksville",
    "cleveland",
    "coeur-d'alene",
    "college",
    "colorado-springs",
    "columbia",
    "columbus",
    "concord",
    "covington",
    "cranston",
    "dallas",
    "danbury",
    "davenport",
    "dayton",
    "denver",
    "des-moines",
    "detroit",
    "dover",
    "duluth",
    "durham",
    "east-honolulu",
    "east-providence",
    "edmond",
    "el-paso",
    "elizabeth",
    "elizabethtown",
    "elkhart",
    "enterprise",
    "essex-junction",
    "eugene",
    "evansville",
    "fairbanks",
    "fargo",
    "farmington",
    "fayetteville",
    "flint",
    "fort-collins",
    "fort-smith",
    "fort-wayne",
    "fort-worth",
    "frederick",
    "fremont",
    "gainesville",
    "germantown",
    "gilbert",
    "gillette",
    "glasgow",
    "glendale",
    "grand-forks",
    "grand-island",
    "grand-rapids",
    "great-falls",
    "greeley",
    "green-bay",
    "greensboro",
    "greenville",
    "gresham",
    "gulfport",
    "hagerstown",
    "harrisburg",
    "hartford",
    "hattiesburg",
    "helena",
    "henderson",
    "hilo",
    "honolulu",
    "houma",
    "houston",
    "huntington",
    "huntsville",
    "idaho-falls",
    "independence",
    "indianapolis",
    "iowa-city",
    "jackson",
    "jacksonville",
    "jersey-city",
    "jonesboro",
    "juneau",
    "kailua",
    "kalamazoo",
    "kansas-city",
    "kearney",
    "kennewick",
    "kenosha",
    "knik-fairview",
    "knoxville",
    "lafayette",
    "lake-charles",
    "lakewood",
    "lancaster",
    "lansing",
    "laramie",
    "las-cruces",
    "las-vegas",
    "lawrence",
    "lawton",
    "lee's-summit",
    "lewiston",
    "lexington",
    "lincoln",
    "little-rock",
    "logan",
    "los-angeles",
    "louisville",
    "lowell",
    "macon",
    "madison",
    "manchester",
    "manhattan",
    "martinsburg",
    "medford",
    "memphis",
    "meridian",
    "mesa",
    "miami",
    "middletown",
    "milwaukee",
    "minneapolis",
    "minot",
    "missoula",
    "mitchell",
    "mobile",
    "montgomery",
    "morgantown",
    "murfreesboro",
    "myrtle-beach",
    "nampa",
    "nashua",
    "nashville",
    "new-bedford",
    "new-haven",
    "new-orleans",
    "new-york",
    "newark",
    "norfolk",
    "norman",
    "north-las-vegas",
    "norwich",
    "ogden",
    "oklahoma-city",
    "olathe",
    "olive-branch",
    "olympia",
    "omaha",
    "orlando",
    "overland-park",
    "owensboro",
    "palm-bay",
    "parkersburg",
    "paterson",
    "pawtucket",
    "pearl-city",
    "peoria",
    "philadelphia",
    "phoenix",
    "pittsburgh",
    "pocatello",
    "portland",
    "portsmouth",
    "providence",
    "provo",
    "queens",
    "racine",
    "raleigh",
    "rapid-city",
    "reno",
    "richmond",
    "rio-rancho",
    "riverside",
    "roanoke",
    "rochester",
    "rock-hill",
    "rock-springs",
    "rockford",
    "rogers",
    "roswell",
    "round-lake-beach",
    "rutland",
    "sacramento",
    "salem",
    "salt-lake-city",
    "san-antonio",
    "san-diego",
    "san-francisco",
    "san-jose",
    "santa-fe",
    "savannah",
    "scranton",
    "seattle",
    "sheridan",
    "shreveport",
    "sioux-city",
    "sioux-falls",
    "south-bend",
    "south-burlington",
    "south-portland",
    "southaven",
    "spartanburg",
    "spokane",
    "spring-valley",
    "springdale",
    "springfield",
    "st.-cloud",
    "st.-george",
    "st.-louis",
    "st.-paul",
    "tacoma",
    "tampa",
    "toledo",
    "topeka",
    "trenton",
    "tucson",
    "tulsa",
    "tuscaloosa",
    "vineland",
    "virginia-beach",
    "waipahu",
    "waldorf",
    "warwick",
    "waterbury",
    "waterloo",
    "watertown",
    "west-fargo",
    "west-valley-city",
    "wheeling",
    "wichita",
    "williston",
    "wilmington",
    "winooski",
    "winston-salem",
    "woonsocket",
    "worcester"
  ],
  "meta": {
    "pathConvention": "public/images/cities/<city-slug>.webp|jpg",
    "note": "Prévois un default.jpg|webp pour le fallback.",
    "generatedAt": "2025-09-13T19:33:23.005Z"
  }
}